[
  {
    "id": 1,
    "priority": 1,
    "action": { "type": "block" },
    "condition": {
      "urlFilter": "||2mdn.net^",
      "resourceTypes": ["script", "image", "xmlhttprequest"]
    }
  },
  {
    "id": 2,
    "priority": 1,
    "action": { "type": "block" },
    "condition": {
      "urlFilter": "||doubleclick.net^",
      "resourceTypes": ["script", "image", "xmlhttprequest"]
    }
  },
  {
    "id": 3,
    "priority": 1,
    "action": { "type": "block" },
    "condition": {
      "urlFilter": "||googleadservices.com^",
      "resourceTypes": ["script", "image"]
    }
  },
  {
    "id": 4,
    "priority": 1,
    "action": { "type": "block" },
    "condition": {
      "urlFilter": "||googlesyndication.com^",
      "resourceTypes": ["script", "image"]
    }
  },
  {
    "id": 5,
    "priority": 1,
    "action": { "type": "block" },
    "condition": {
      "urlFilter": "||google-analytics.com^",
      "resourceTypes": ["script"]
    }
  },
  {
    "id": 6,
    "priority": 1,
    "action": { "type": "block" },
    "condition": {
      "urlFilter": "||facebook.com/tr^",
      "resourceTypes": ["image", "xmlhttprequest"]
    }
  },
  {
    "id": 7,
    "priority": 1,
    "action": { "type": "block" },
    "condition": {
      "urlFilter": "||facebook.net^",
      "resourceTypes": ["script"]
    }
  },
  {
    "id": 8,
    "priority": 1,
    "action": { "type": "block" },
    "condition": {
      "urlFilter": "||scorecardresearch.com^",
      "resourceTypes": ["script"]
    }
  },
  {
    "id": 9,
    "priority": 1,
    "action": { "type": "block" },
    "condition": {
      "urlFilter": "||adsrvr.org^",
      "resourceTypes": ["script", "image"]
    }
  },
  {
    "id": 10,
    "priority": 1,
    "action": { "type": "block" },
    "condition": {
      "urlFilter": "||adnxs.com^",
      "resourceTypes": ["script", "image"]
    }
  },
  {
    "id": 11,
    "priority": 1,
    "action": { "type": "block" },
    "condition": {
      "urlFilter": "||amazon-adsystem.com^",
      "resourceTypes": ["script", "image"]
    }
  },
  {
    "id": 12,
    "priority": 1,
    "action": { "type": "block" },
    "condition": {
      "urlFilter": "||adform.net^",
      "resourceTypes": ["script", "image"]
    }
  },
  {
    "id": 13,
    "priority": 1,
    "action": { "type": "block" },
    "condition": {
      "urlFilter": "||adition.com^",
      "resourceTypes": ["script", "image"]
    }
  },
  {
    "id": 14,
    "priority": 1,
    "action": { "type": "block" },
    "condition": {
      "urlFilter": "||adroll.com^",
      "resourceTypes": ["script", "image"]
    }
  },
  {
    "id": 15,
    "priority": 1,
    "action": { "type": "block" },
    "condition": {
      "urlFilter": "||ads.youtube.com^",
      "resourceTypes": ["script", "xmlhttprequest"]
    }
  },
  {
    "id": 16,
    "priority": 1,
    "action": { "type": "block" },
    "condition": {
      "urlFilter": "||adservice.google.*^",
      "resourceTypes": ["script"]
    }
  },
  {
    "id": 17,
    "priority": 1,
    "action": { "type": "block" },
    "condition": {
      "urlFilter": "||advertising.com^",
      "resourceTypes": ["script", "image"]
    }
  },
  {
    "id": 18,
    "priority": 1,
    "action": { "type": "block" },
    "condition": {
      "urlFilter": "||agkn.com^",
      "resourceTypes": ["script", "image"]
    }
  },
  {
    "id": 19,
    "priority": 1,
    "action": { "type": "block" },
    "condition": {
      "urlFilter": "||ampproject.org/v0/amp-ad-*",
      "resourceTypes": ["script"]
    }
  },
  {
    "id": 20,
    "priority": 1,
    "action": { "type": "block" },
    "condition": {
      "urlFilter": "||analytics.s3.amazonaws.com",
      "resourceTypes": ["script", "image"]
    }
  },
  {
    "id": 21,
    "priority": 1,
    "action": { "type": "block" },
    "condition": {
      "urlFilter": "||analyticsengine.s3.amazonaws.com",
      "resourceTypes": ["script", "xmlhttprequest"]
    }
  },
  {
    "id": 22,
    "priority": 1,
    "action": { "type": "block" },
    "condition": {
      "urlFilter": "||advice-ads.s3.amazonaws.com",
      "resourceTypes": ["script", "xmlhttprequest"]
    }
  },
  {
    "id": 23,
    "priority": 1,
    "action": { "type": "block" },
    "condition": {
      "urlFilter": "||pagead2.googlesyndication.com",
      "resourceTypes": ["script", "xmlhttprequest"]
    }
  },
  {
    "id": 24,
    "priority": 1,
    "action": { "type": "block" },
    "condition": {
      "urlFilter": "||ad.*.ru^",
      "resourceTypes": ["script", "image", "xmlhttprequest"]
    }
  },
  {
    "id": 25,
    "priority": 1,
    "action": { "type": "block" },
    "condition": {
      "urlFilter": "||ads.*.com^",
      "resourceTypes": ["script", "image", "xmlhttprequest"]
    }
  },
  {
    "id": 26,
    "priority": 1,
    "action": { "type": "block" },
    "condition": {
      "urlFilter": "||track.*.com^",
      "resourceTypes": ["script", "image", "xmlhttprequest"]
    }
  },
  {
    "id": 27,
    "priority": 1,
    "action": { "type": "block" },
    "condition": {
      "urlFilter": "||metrics.*.com^",
      "resourceTypes": ["script", "image", "xmlhttprequest"]
    }
  },
  {
    "id": 28,
    "priority": 1,
    "action": { "type": "block" },
    "condition": {
      "urlFilter": "||telemetry.*.com^",
      "resourceTypes": ["script", "xmlhttprequest"]
    }
  },
  {
    "id": 29,
    "priority": 1,
    "action": { "type": "block" },
    "condition": {
      "urlFilter": "||advert.*.com^",
      "resourceTypes": ["script", "image", "xmlhttprequest"]
    }
  },
  {
    "id": 30,
    "priority": 1,
    "action": { "type": "block" },
    "condition": {
      "urlFilter": "||promo.*.com^",
      "resourceTypes": ["script", "image", "xmlhttprequest"]
    }
  },
  {
    "id": 31,
    "priority": 1,
    "action": { "type": "block" },
    "condition": {
      "urlFilter": "||marketing.*.com^",
      "resourceTypes": ["script", "xmlhttprequest"]
    }
  },
  {
    "id": 32,
    "priority": 1,
    "action": { "type": "block" },
    "condition": {
      "urlFilter": "||affiliate.*.com^",
      "resourceTypes": ["script", "xmlhttprequest"]
    }
  },
  {
    "id": 33,
    "priority": 1,
    "action": { "type": "block" },
    "condition": {
      "urlFilter": "||pixel.*.com^",
      "resourceTypes": ["image", "xmlhttprequest"]
    }
  },
  {
    "id": 34,
    "priority": 1,
    "action": { "type": "block" },
    "condition": {
      "urlFilter": "||count.*.com^",
      "resourceTypes": ["image", "xmlhttprequest"]
    }
  },
  {
    "id": 35,
    "priority": 1,
    "action": { "type": "block" },
    "condition": {
      "urlFilter": "||stats.*.com^",
      "resourceTypes": ["script", "xmlhttprequest"]
    }
  },
  {
    "id": 36,
    "priority": 1,
    "action": { "type": "block" },
    "condition": {
      "urlFilter": "||beacon.*.com^",
      "resourceTypes": ["image", "xmlhttprequest"]
    }
  },
  {
    "id": 37,
    "priority": 1,
    "action": { "type": "block" },
    "condition": {
      "urlFilter": "||analytics.*.com^",
      "resourceTypes": ["script", "xmlhttprequest"]
    }
  },
  {
    "id": 38,
    "priority": 1,
    "action": { "type": "block" },
    "condition": {
      "urlFilter": "||tag.*.com^",
      "resourceTypes": ["script", "xmlhttprequest"]
    }
  },
  {
    "id": 39,
    "priority": 1,
    "action": { "type": "block" },
    "condition": {
      "urlFilter": "||collect.*.com^",
      "resourceTypes": ["image", "xmlhttprequest"]
    }
  },
  {
    "id": 40,
    "priority": 1,
    "action": { "type": "block" },
    "condition": {
      "urlFilter": "||log.*.com^",
      "resourceTypes": ["image", "xmlhttprequest"]
    }
  },
  {
    "id": 41,
    "priority": 1,
    "action": { "type": "block" },
    "condition": {
      "urlFilter": "||click.*.com^",
      "resourceTypes": ["script", "xmlhttprequest"]
    }
  },
  {
    "id": 42,
    "priority": 1,
    "action": { "type": "block" },
    "condition": {
      "urlFilter": "||impression.*.com^",
      "resourceTypes": ["image", "xmlhttprequest"]
    }
  },
  {
    "id": 43,
    "priority": 1,
    "action": { "type": "block" },
    "condition": {
      "urlFilter": "||view.*.com^",
      "resourceTypes": ["image", "xmlhttprequest"]
    }
  },
  {
    "id": 44,
    "priority": 1,
    "action": { "type": "block" },
    "condition": {
      "urlFilter": "||visit.*.com^",
      "resourceTypes": ["image", "xmlhttprequest"]
    }
  },
  {
    "id": 45,
    "priority": 1,
    "action": { "type": "block" },
    "condition": {
      "urlFilter": "||hit.*.com^",
      "resourceTypes": ["image", "xmlhttprequest"]
    }
  },
  {
    "id": 46,
    "priority": 1,
    "action": { "type": "block" },
    "condition": {
      "urlFilter": "||trace.*.com^",
      "resourceTypes": ["script", "xmlhttprequest"]
    }
  },
  {
    "id": 47,
    "priority": 1,
    "action": { "type": "block" },
    "condition": {
      "urlFilter": "||monitor.*.com^",
      "resourceTypes": ["script", "xmlhttprequest"]
    }
  },
  {
    "id": 48,
    "priority": 1,
    "action": { "type": "block" },
    "condition": {
      "urlFilter": "||measure.*.com^",
      "resourceTypes": ["script", "xmlhttprequest"]
    }
  },
  {
    "id": 49,
    "priority": 1,
    "action": { "type": "block" },
    "condition": {
      "urlFilter": "||capture.*.com^",
      "resourceTypes": ["image", "xmlhttprequest"]
    }
  },
  {
    "id": 50,
    "priority": 1,
    "action": { "type": "block" },
    "condition": {
      "urlFilter": "||record.*.com^",
      "resourceTypes": ["script", "xmlhttprequest"]
    }
  },
  {
    "id": 51,
    "priority": 1,
    "action": { "type": "block" },
    "condition": {
      "urlFilter": "||api.adsafeprotected.com^",
      "resourceTypes": ["script", "xmlhttprequest"]
    }
  },
  {
    "id": 52,
    "priority": 1,
    "action": { "type": "block" },
    "condition": {
      "urlFilter": "||ad.*.ru^",
      "resourceTypes": ["script", "image", "xmlhttprequest"]
    }
  },
  {
    "id": 53,
    "priority": 1,
    "action": { "type": "block" },
    "condition": {
      "urlFilter": "||ads.*.ru^",
      "resourceTypes": ["script", "image", "xmlhttprequest"]
    }
  },
  {
    "id": 54,
    "priority": 1,
    "action": { "type": "block" },
    "condition": {
      "urlFilter": "||counter.yadro.ru^",
      "resourceTypes": ["image", "xmlhttprequest"]
    }
  },
  {
    "id": 55,
    "priority": 1,
    "action": { "type": "block" },
    "condition": {
      "urlFilter": "||mc.yandex.ru^",
      "resourceTypes": ["script", "xmlhttprequest"]
    }
  },
  {
    "id": 56,
    "priority": 1,
    "action": { "type": "block" },
    "condition": {
      "urlFilter": "||an.yandex.ru^",
      "resourceTypes": ["image", "xmlhttprequest"]
    }
  },
  {
    "id": 57,
    "priority": 1,
    "action": { "type": "block" },
    "condition": {
      "urlFilter": "||adfox.yandex.ru^",
      "resourceTypes": ["script", "image", "xmlhttprequest"]
    }
  },
  {
    "id": 58,
    "priority": 1,
    "action": { "type": "block" },
    "condition": {
      "urlFilter": "||ads.*.ua^",
      "resourceTypes": ["script", "image", "xmlhttprequest"]
    }
  },
  {
    "id": 59,
    "priority": 1,
    "action": { "type": "block" },
    "condition": {
      "urlFilter": "||ad.*.ua^",
      "resourceTypes": ["script", "image", "xmlhttprequest"]
    }
  },
  {
    "id": 60,
    "priority": 1,
    "action": { "type": "block" },
    "condition": {
      "urlFilter": "||ad.*.by^",
      "resourceTypes": ["script", "image", "xmlhttprequest"]
    }
  },
  {
    "id": 61,
    "priority": 1,
    "action": { "type": "block" },
    "condition": {
      "urlFilter": "||ads.*.by^",
      "resourceTypes": ["script", "image", "xmlhttprequest"]
    }
  },
  {
    "id": 62,
    "priority": 1,
    "action": { "type": "block" },
    "condition": {
      "urlFilter": "||ad.*.kz^",
      "resourceTypes": ["script", "image", "xmlhttprequest"]
    }
  },
  {
    "id": 63,
    "priority": 1,
    "action": { "type": "block" },
    "condition": {
      "urlFilter": "||ads.*.kz^",
      "resourceTypes": ["script", "image", "xmlhttprequest"]
    }
  },
  {
    "id": 64,
    "priority": 1,
    "action": { "type": "block" },
    "condition": {
      "urlFilter": "||analytics.s3.amazonaws.com^",
      "resourceTypes": ["script", "image", "xmlhttprequest"]
    }
  },
  {
    "id": 65,
    "priority": 1,
    "action": { "type": "block" },
    "condition": {
      "urlFilter": "||adtago.s3.amazonaws.com^",
      "resourceTypes": ["script", "image", "xmlhttprequest"]
    }
  },
  {
    "id": 66,
    "priority": 1,
    "action": { "type": "block" },
    "condition": {
      "urlFilter": "||analyticsengine.s3.amazonaws.com^",
      "resourceTypes": ["script", "image", "xmlhttprequest"]
    }
  },
  {
    "id": 67,
    "priority": 1,
    "action": { "type": "block" },
    "condition": {
      "urlFilter": "||advice-ads.s3.amazonaws.com^",
      "resourceTypes": ["script", "image", "xmlhttprequest"]
    }
  },
  {
    "id": 68,
    "priority": 1,
    "action": { "type": "block" },
    "condition": {
      "urlFilter": "||pagead2.googlesyndication.com^",
      "resourceTypes": ["script", "image", "xmlhttprequest"]
    }
  },
  {
    "id": 69,
    "priority": 1,
    "action": { "type": "block" },
    "condition": {
      "urlFilter": "||adservice.google.com^",
      "resourceTypes": ["script", "image", "xmlhttprequest"]
    }
  },
  {
    "id": 70,
    "priority": 1,
    "action": { "type": "block" },
    "condition": {
      "urlFilter": "||pagead2.googleadservices.com^",
      "resourceTypes": ["script", "image", "xmlhttprequest"]
    }
  },
  {
    "id": 71,
    "priority": 1,
    "action": { "type": "block" },
    "condition": {
      "urlFilter": "||afs.googlesyndication.com^",
      "resourceTypes": ["script", "image", "xmlhttprequest"]
    }
  },
  {
    "id": 72,
    "priority": 1,
    "action": { "type": "block" },
    "condition": {
      "urlFilter": "||ads30.adcolony.com^",
      "resourceTypes": ["script", "image", "xmlhttprequest"]
    }
  },
  {
    "id": 73,
    "priority": 1,
    "action": { "type": "block" },
    "condition": {
      "urlFilter": "||adc3-launch.adcolony.com^",
      "resourceTypes": ["script", "image", "xmlhttprequest"]
    }
  },
  {
    "id": 74,
    "priority": 1,
    "action": { "type": "block" },
    "condition": {
      "urlFilter": "||events3alt.adcolony.com^",
      "resourceTypes": ["script", "image", "xmlhttprequest"]
    }
  },
  {
    "id": 75,
    "priority": 1,
    "action": { "type": "block" },
    "condition": {
      "urlFilter": "||wd.adcolony.com^",
      "resourceTypes": ["script", "image", "xmlhttprequest"]
    }
  },
  {
    "id": 76,
    "priority": 1,
    "action": { "type": "block" },
    "condition": {
      "urlFilter": "||stats.g.doubleclick.net^",
      "resourceTypes": ["script", "image", "xmlhttprequest"]
    }
  },
  {
    "id": 77,
    "priority": 1,
    "action": { "type": "block" },
    "condition": {
      "urlFilter": "||ad.doubleclick.net^",
      "resourceTypes": ["script", "image", "xmlhttprequest"]
    }
  },
  {
    "id": 78,
    "priority": 1,
    "action": { "type": "block" },
    "condition": {
      "urlFilter": "||static.doubleclick.net^",
      "resourceTypes": ["script", "image", "xmlhttprequest"]
    }
  },
  {
    "id": 79,
    "priority": 1,
    "action": { "type": "block" },
    "condition": {
      "urlFilter": "||m.doubleclick.net^",
      "resourceTypes": ["script", "image", "xmlhttprequest"]
    }
  },
  {
    "id": 80,
    "priority": 1,
    "action": { "type": "block" },
    "condition": {
      "urlFilter": "||mediavisor.doubleclick.net^",
      "resourceTypes": ["script", "image", "xmlhttprequest"]
    }
  },
  {
    "id": 81,
    "priority": 1,
    "action": { "type": "block" },
    "condition": {
      "urlFilter": "||static.media.net^",
      "resourceTypes": ["script", "image", "xmlhttprequest"]
    }
  },{
    "id": 82,
    "priority": 1,
    "action": { "type": "block" },
    "condition": {
      "urlFilter": "||media.net^",
      "resourceTypes": ["script", "image", "xmlhttprequest"]
    }
  },{
    "id": 83,
    "priority": 1,
    "action": { "type": "block" },
    "condition": {
      "urlFilter": "||adservetx.media.net^",
      "resourceTypes": ["script", "image", "xmlhttprequest"]
    }
  },
  {
    "id": 84,
    "priority": 1,
    "action": { "type": "block" },
    "condition": {
      "urlFilter": "||metrics.icloud.com^",
      "resourceTypes": ["script", "image", "xmlhttprequest"]
    }
  },
  {
    "id": 85,
    "priority": 1,
    "action": { "type": "block" },
    "condition": {
      "urlFilter": "||udc.yahoo.com^",
      "resourceTypes": ["script", "image", "xmlhttprequest"]
    }
  },
  {
    "id": 86,
    "priority": 1,
    "action": { "type": "block" },
    "condition": {
      "urlFilter": "||udcm.yahoo.com^",
      "resourceTypes": ["script", "image", "xmlhttprequest"]
    }
  },
  {
    "id": 87,
    "priority": 1,
    "action": { "type": "block" },
    "condition": {
      "urlFilter": "||partnerads.ysm.yahoo.com^",
      "resourceTypes": ["script", "image", "xmlhttprequest"]
    }
  },
  {
    "id": 88,
    "priority": 1,
    "action": { "type": "block" },
    "condition": {
      "urlFilter": "||log.fc.yahoo.com^",
      "resourceTypes": ["script", "image", "xmlhttprequest"]
    }
  },
  {
    "id": 89,
    "priority": 1,
    "action": { "type": "block" },
    "condition": {
      "urlFilter": "||adtech.yahooinc.com^",
      "resourceTypes": ["script", "image", "xmlhttprequest"]
    }
  },
  {
    "id": 90,
    "priority": 1,
    "action": { "type": "block" },
    "condition": {
      "urlFilter": "||auction.unityads.unity3d.com^",
      "resourceTypes": ["script", "image", "xmlhttprequest"]
    }
  },
  {
    "id": 91,
    "priority": 1,
    "action": { "type": "block" },
    "condition": {
      "urlFilter": "||webview.unityads.unity3d.com^",
      "resourceTypes": ["script", "image", "xmlhttprequest"]
    }
  },
  {
    "id": 92,
    "priority": 1,
    "action": { "type": "block" },
    "condition": {
      "urlFilter": "||adserver.unityads.unity3d.com^",
      "resourceTypes": ["script", "image", "xmlhttprequest"]
    }
  }
]